out_sensor_name,timestep,in_sensor_name
103318117,1,126951211
1064041,2,1307588
1035508,2,1307588
1282094,1,1031441
1032128,1,1032456
1302364,2,1297081
1282094,0,1031442
1302954,1,1033248
1307588,1,1002688
1059502,1,1004639
1061624,0,1237824
1297267,0,1297122
1302954,2,1303797
1032456,0,1035514
1309771,0,1301940
1256899,1,1303963
1271410,0,1031440
1249511,0,1012192
1291674,0,1223683
1240117,2,1253632
1061624,2,1064041
12297418,1,121001920
1031437,3,1031440
1242723,1,1233363
1242723,0,1021860
1306673,0,1270795
1031437,1,1046206
1237824,0,1031129
1033407,0,1239192
1031437,0,1031441
1255849,0,1046600
1054726,0,1223234
1302829,4,1306548
1234910,0,1302825
1033248,2,1239711
1230452,0,1308366
1297202,0,1297333
1297202,1,1297333
1041498,0,1302832
1031127,0,1236019
1306994,4,1027844
1230839,1,1226706
1302628,0,1294101
1265534,4,1303963
1031440,3,1271410
1224666,2,1059502
104302115,1,12059326
1035503,2,1240117
1307588,4,1035508
1302627,2,1027838
1059502,0,1061733
1300877,1,1246797
1059508,1,1302111
1236019,2,1275449
1271410,3,1046206
1248249,0,1280634
104302115,2,122974132
1239192,4,1239093
1236540,0,1060109
1223683,1,1046600
1226015,4,1239711
1302627,3,1027841
1297264,1,1269409
1239711,0,1259380
1023592,3,1302829
1306897,1,1301175
1303087,0,1302111
1010054,0,1300838
1226708,0,1033100
1266765,1,1272677
1257118,3,1235466
1303584,1,1309766
1255230,1,1059089
1300838,0,1012192
1307187,0,1302954
10330844,1,126951211
1301175,0,1270717
1230839,3,1271410
1236019,0,1223234
1263493,0,1302598
1302928,0,1251228
1297267,1,1302595
1308488,1,1275448
1301383,2,1059508
1059089,1,1235466
1035503,1,1240117
1023820,2,1010054
1032128,0,1248589
1287413,0,1247267
1239192,1,1265886
1241064,0,1226015
1233363,1,1307449
127620712,0,103318129
1023820,4,1004773
122974132,2,122974121
1297264,0,1300877
1306673,3,1265886
1302598,1,1211726
1031127,4,1223234
1027837,1,1031440
1269405,0,1270795
1257118,0,1282094
1206468,2,1041498
1307187,1,1302954
1021860,3,1306994
1031440,0,1031441
104115939,0,10330844
1275449,0,1236019
1302825,0,1237528
1302825,1,1234910
1300838,1,1060109
1301174,1,1302827
1308319,2,1306828
103318129,0,103318117
1308319,3,1306828
1031560,1,1236019
10314533,0,126947610
1251228,0,1290383
1307450,1,1226015
1297122,0,1306673
1302827,0,1301174
1280679,4,1301174
1246872,0,1272676
1027841,3,1247290
1249004,0,1239192
122974132,0,104302115
1243859,0,1011408
1004773,0,1262050
1290383,1,1280377
1297333,2,1297202
1004773,2,1262050
1059508,3,1302111
1056955,2,1031440
1269463,0,1306690
1308366,1,1227711
1308488,0,1275448
1247267,0,1308463
1060109,4,1010054
1302111,0,1301383
1023820,1,1049589
1297580,0,1265534
1002688,0,1035508
1239711,1,1297265
1247962,0,1023820
1288092,0,1059188
1035514,1,1248589
1023596,0,1010055
1060109,1,1300838
10331815,3,122974121
1280298,0,1235462
128216313,0,12100197
1307449,0,1242723
1237528,2,1257546
1301175,1,1306673
1280634,0,1255230
1297272,1,1302833
104115918,0,104115939
1301293,2,1246872
1239711,3,1208725
1011408,0,1309765
1030718,0,1049757
1280303,1,1236912
1300879,0,1288092
1046206,0,1230839
1303687,0,1248589
1306828,4,1307757
1046356,1,1301293
1298005,4,1269463
1310176,0,1270795
1235462,1,1307449
12297418,2,130336714
104115918,2,103318117
1038131,1,1307450
1298005,0,1269463
1270717,0,1270795
1021860,1,1233363
1235462,0,1021860
1297262,1,1302364
1049757,3,1301174
1032372,3,1306434
1010055,0,1302832
1262050,0,1300838
1306930,1,1241064
1297295,2,1297202
1275449,1,1237528
1032372,0,1306434
1287572,0,1270795
1033100,1,1309765
1030618,2,1302954
1300838,2,1049589
1294101,1,1296535
1046600,0,1223683
1243855,0,1270795
130336727,0,1306897
103318129,1,104115918
1302837,0,1297264
1302836,3,1298005
1297265,4,1302595
1302832,0,1306931
1031558,0,1297272
1307450,2,1226015
1241258,0,1303963
1301174,0,1049757
1034753,0,1034751
1031440,4,1031442
1308319,0,1297267
1236912,2,1302627
1275449,3,1031127
1224666,0,1035508
1272676,4,1247290
10314512,0,10430211
12100197,0,130336714
1280723,0,1300877
1306994,0,1021860
103318129,4,103318117
1227711,2,1023592
1054326,0,1270717
1031584,0,1223234
104302115,0,122974132
1038131,0,1226015
1297264,2,1302836
1208725,3,1239711
1309766,0,1300879
1027841,1,1270653
1027842,0,1253132
1208725,1,1308319
1297295,0,1297202
1236019,1,1237528
1049589,0,1033187
1307757,4,1303087
1030618,1,1302954
1280377,1,1270653
1059188,0,1300879
1208725,0,1259380
10331815,0,104302115
1297081,0,1297580
1265886,1,1306673
12059326,0,122974121
122974121,1,10331815
1226015,3,1297265
1031129,0,1237824
1296535,0,1237377
1247962,3,1023820
1307449,4,1233363
1023596,4,1031129
1262050,3,1049589
1247559,0,1306673
1247290,0,1270653
1012192,1,1060109
1307673,0,1306897
1272676,3,1236912
1307449,2,1021860
1247962,1,1004773
1201412,1,1235466
1023596,1,1010055
1046206,4,1230839
1306434,4,1307187
1275448,0,1223683
1306691,0,1269463
1297579,0,1302826
1061733,0,1059502
1302826,0,1303087
1306434,0,1307187
1237377,0,1306690
130336714,1,128216313
1302687,0,1237377
1303586,0,1301175
1297262,2,1230452
1294101,0,1306690
1030618,4,1303797
130336727,4,1301175
103318117,3,103318129
1064041,3,1307588
1303584,0,1246177
1035508,1,1061624
1307588,0,1237824
1059502,3,1236540
1302364,0,1297262
1302954,0,1307187
1229282,1,1234910
1241060,2,1049757
1241060,1,1280679
1229282,0,1241990
1280303,0,1302627
1308609,0,130336727
1271410,4,1031441
1034751,0,1033187
1309771,1,1211726
1033099,0,1031620
1046356,0,1280377
1302595,2,1208725
1287761,3,1030618
1302595,1,1308319
1287761,0,1306548
12297418,0,128216313
1239192,0,1265886
1237824,1,1031558
1034751,1,1262050
1302829,1,1030618
1233363,0,1280298
1033187,0,1034751
1246797,2,1287761
1306673,1,1265886
1033248,0,1306434
1033187,1,1056955
1230839,0,1046206
1306673,2,1270717
1234910,2,1229282
1224666,1,1064041
1255230,0,1059089
1057732,3,1226015
1303257,0,1297268
1031440,2,1031441
1059508,0,1303087
1236912,0,1272676
1031128,0,1275449
1064041,0,1059502
1236912,1,1020104
1041498,1,1201412
1301940,0,1309771
1241064,2,1057732
1239093,0,1239192
1302833,0,1010055
1303963,0,1297580
1301920,0,1307449
1055155,0,1027840
1297268,0,1303257
1287413,1,1297262
10331815,1,104302115
1265534,0,1297580
1301940,1,1056955
1302898,1,1031619
1233363,2,1021860
127620712,3,103318129
1238761,0,1027842
1302627,0,1027838
1303963,1,1057319
1237531,0,1285889
1035514,0,1011408
1035507,0,1303367
1237528,0,1031560
10331815,2,104302115
1253632,1,1307449
1057732,0,1038131
1236540,4,1059502
1031440,1,1046206
1307235,0,1270795
1027838,0,1236912
1035503,0,1240117
1020104,0,1280303
1307588,3,1237824
1269463,1,1280298
1307757,3,1059508
1297272,0,1023596
1269409,0,1297264
1302954,3,1033248
103318117,0,104115939
1035508,0,1307588
1271410,1,1031437
1059929,0,1302837
1297580,3,1265534
1223683,0,1308488
1300877,0,1302824
1059089,2,1302832
1307450,0,1306930
1302898,0,1297333
1023592,0,1302829
1280679,3,1030718
1306443,0,1297333
1306897,0,1035507
1300879,1,1059188
1266765,0,1301174
1297333,1,1031619
1307757,0,1302111
1301383,0,1059508
1056955,0,1259695
1241059,1,1241060
1226015,1,1239711
10330844,0,104115939
1226015,2,1239711
1253632,3,1307449
1262050,1,1023820
1262050,2,1300838
1027838,1,1236912
1226706,0,1242364
1270795,2,1239093
1302836,0,1294101
1270795,3,1239192
12100197,1,12297418
1302824,1,1287761
121001920,2,104302115
1280377,0,1046356
1286660,0,1265534
1208725,4,1302595
1259695,0,1211726
1302827,2,1049757
1290383,0,1055155
122974121,0,104302115
1280679,0,1030718
1041498,3,1023596
1243859,1,1309765
1239093,1,1265886
1272677,0,1241060
12059326,3,121001920
1031441,1,1046206
1055155,1,1027840
1012192,0,1060109
1023820,0,1010054
1031441,2,1271410
1059089,0,1201412
1054325,0,1280377
1033097,0,1280634
1302828,0,1309765
126951211,0,104115939
1297580,1,1297081
1265886,4,1270717
1239711,2,1308319
1046600,1,1246177
1237528,1,1236019
1027844,0,1301920
126951211,2,127620712
1004639,0,1224666
1302832,1,1059089
1307235,2,1306673
1211726,4,1259695
1011408,1,1248589
1034753,3,1211726
1046206,1,1031437
1057319,0,1256899
1306828,0,1031619
1229282,3,1247962
1303367,0,130336727
1048068,0,1307588
130336714,0,12059326
1030718,4,1049757
1241060,0,1030718
1270653,2,1272676
1303797,0,1302954
1030718,3,1280679
1308463,0,1287413
1256899,0,1241059
1049757,0,1241060
1270653,0,1280377
1309765,0,1011408
1240117,0,1035503
1010055,1,1206468
1302595,0,1239711
1031620,0,1032128
1031437,2,1031440
1226015,0,1302595
1033248,4,1306434
1307094,0,1306673
1027842,1,1061733
12059326,2,10331815
1270717,3,1265886
1242364,0,1046206
1302078,0,1302898
1049589,2,1034753
1027840,0,1223683
1306930,0,1307450
1265886,2,1270795
1302837,1,1297264
1297265,0,1239711
1027838,2,1027841
1033100,0,1243859
1060109,0,1300838
1031558,2,1297272
1259380,1,1302595
1241258,1,1286660
1302829,0,1306548
1306690,0,1253632
1211726,2,1056955
1021860,0,1233363
1236500,0,1241258
1246797,0,1302824
1301175,2,1306673
1247290,4,1270653
1297272,3,1048068
1033098,0,1033097
1270795,0,1239093
1027840,1,1290383
1031560,0,1236019
1300838,3,1060109
1248589,2,1032128
1302824,0,1246797
1201412,2,1257118
1297268,1,1297295
121001920,0,10331815
1265534,1,1297081
1306690,1,1035503
1309766,2,1300879
1306931,0,1302832
1031442,2,1031440
1302627,1,1027838
1297262,0,1308366
1306897,3,130336727
122974121,3,121001920
1270340,0,1236019
126947610,0,12059326
1027841,0,1270653
1297081,3,1297580
122974121,2,12059326
12059326,1,122974132
1033189,0,1035503
1296535,2,1237377
1031129,1,1031558
1223234,0,1275449
1259695,1,1211726
104115939,1,104115918
1247962,4,1023820
1012192,3,1236540
1248210,0,1255230
1259380,0,1208725
1265886,0,1270795
1299972,0,1265886
1211726,1,1031440
1272677,2,1030718
1302835,0,1259380
1257546,3,1027842
1226706,2,1031437
12469399,0,12297418
1253632,0,1306690
1246177,0,1223683
1248589,0,1309765
1058264,0,1266765
1211726,0,1031437
1251228,1,1054325
1257546,0,1302825
1227711,0,1308366
1307449,1,1049757
1297122,1,1307235
1303367,2,1306897
1031619,2,1307757
1286660,2,1297580
1026370,2,1247962
1241613,0,1239192
1272676,1,1302627
1011408,3,1031620
1241990,1,1026370
1246872,3,1272676
1046206,2,1230839
1302827,3,1030718
1303367,1,1301175
1201412,0,1059089
122974132,1,122974121
1026370,0,1247962
1309765,2,1011408
1272676,0,1027841
1280679,2,1302827
1031619,1,1301383
1302598,0,1027837
1241990,0,1229282
1031620,4,1032456
1027837,0,1259695
1023145,0,1288092
1031442,0,1271410
1309765,1,1032456
1297333,0,1297202
1275448,1,1031442
1206468,0,1041498
1031619,0,1303087
1031442,1,1031441
1285889,0,130336727
1247267,1,1297262
1031620,1,1309765
1275448,2,1031441
1253132,0,1027842
1302834,0,1223683
1061733,1,1035508
1285889,1,1303367
1253132,1,1224666
1241059,0,1030718
1302826,1,1297333
1031441,0,1046206
1306434,1,1307187
1061733,2,1064041
1308366,0,1297262
1237377,1,1306690
1030618,0,1302954
1060109,2,1012192
1280298,1,1242723
1237377,3,1240117
1235466,0,1201412
1301293,0,1303584
10430211,0,126947610
1057319,2,1280679
1306828,3,1307757
1030718,1,1049757
1303797,3,1302078
1049757,2,1030718
1270717,1,1270795
1027842,4,1224666
1049589,4,1034753
1297265,2,1032372
1306548,0,1030618
